"number","station_name","lat","lng","bike_stands","average_bike_stands","average_bikes"
1,"00001 - POIDS DE L'HUILE",43.60419,1.445475,19,11.2046362909672,7.4396482813749
2,"00002 - LAFAYETTE",43.604885,1.445306,24,12.1334932054357,11.3069544364508
3,"00003 - ALSACE - LORRAINE - POMME",43.603302,1.445454,18,9.51318944844125,7.378896882494
4,"00004 - GAMBETTA - SAINTE - URSULE",43.602671,1.442031,20,12.2765787370104,6.71622701838529
5,"00005 - MARENGO - LEDUC",43.611386,1.456729,19,11.4940047961631,5.79456434852118
6,"00006 - LOIS - CAPITOL",43.605161,1.442323,18,10.9152677857714,6.36051159072742
7,"00007 - PLACE VICTOR HUGO",43.605777,1.446507,25,11.9840127897682,12.445243804956
8,"00008 - VIDAL - SAINT - JEROME",43.603205,1.448118,25,13.7058353317346,9.66986410871303
9,"00009 - ROQUEMAUREL - MAILLARD",43.596069,1.410505,18,13.2230215827338,4.64028776978417
10,"00010 - PLACE ESQUIROL",43.600348,1.444659,44,29.7729816147082,12.5603517186251
11,"00011 - PLACE DE LA DAURADE",43.601888,1.440368,23,14.1199040767386,8.21183053557154
12,"00012 - PARGAMINIERES - LAKANAL",43.60459,1.44002,11,6.10231814548361,3.88249400479616
13,"00013 - LOIS - ESQUILE",43.606146,1.44135,15,8.97202238209433,4.86730615507594
14,"00014 - PERIGORD",43.60742,1.444699,17,8.59152677857714,6.60511590727418
15,"00015 - PORT SAINT SAUVEUR - SEEL",43.596411,1.456584,20,12.0975219824141,6.42845723421263
16,"00016 - STRASBOURG - BAYARD",43.607847,1.446666,21,12.1159072741807,6.94884092725819
17,"00017 - STRASBOURG - AUSTERLITZ",43.606499,1.44769,23,9.40047961630695,12.2709832134293
18,"00018 - STRASBOURG - JAURES",43.606346,1.44813,24,14.8089528377298,7.16866506794564
19,"00019 - CARNOT - PERI",43.605503,1.449267,24,13.3285371702638,8.41007194244604
20,"00020 - CARNOT - TROIS JOURNEES",43.604677,1.449586,26,15.9992006394884,8.96163069544365
21,"00021 - CARNOT - LABEDA",43.604079,1.450158,25,16.0223820943245,7.50199840127898
22,"00022 - CARNOT - ROLAND",43.602914,1.451719,20,15.0335731414868,4.53717026378897
23,"00023 - CARNOT - IDRAC",43.601372,1.452038,26,19.876898481215,4.55235811350919
24,"00024 - PLACE SAINT-ETIENNE",43.600055,1.449273,22,11.652278177458,9.97761790567546
25,"00025 - PLACE ROUAIX",43.599525,1.445544,18,9.85611510791367,6.89768185451639
26,"00026 - DALBADE - PARADOUX",43.597941,1.443002,22,14.7082334132694,5.19504396482814
27,"00027 - TOUNIS - PONT NEUF",43.598966,1.440387,22,13.2406075139888,8.58992805755396
28,"00028 - PLACE SAINT-PIERRE",43.603228,1.436034,22,10.9064748201439,6.45563549160671
29,"00029 - VALADE",43.605031,1.437386,21,14.6722621902478,5.84732214228617
30,"00030 - PLACE ANATOLE FRANCE",43.606241,1.438341,25,18.9352517985612,4.20303756994404
31,"00031 - PLACE DU PEYROU",43.607369,1.439453,20,13.0639488409273,3.83293365307754
32,"00032 - MUSEE SAINT-RAYMOND",43.607608,1.441304,12,6.62509992006395,3.29096722621902
33,"00033 - SAINT - BERNARD - BERALDI",43.608605,1.4436,15,10.2022382094325,4.78577138289369
34,"00034 - STRASBOURG - BOSC",43.609766,1.445681,22,18.1958433253397,3.75779376498801
35,"00035 - PLACE JEANNE D'ARC",43.609602,1.446881,25,20.9712230215827,3.65147881694644
36,"00036 - PLACE ROBERT SCHUMAN",43.609622,1.449431,19,13.1950439648281,5.57314148681055
37,"00037 - STE - LUCIE - ARCS ST - CYPRIEN",43.593516,1.430039,18,10.207034372502,7.03597122302158
38,"00038 - JAURES - BACHELIER",43.607222,1.451244,31,20.9464428457234,8.35971223021583
39,"00039 - PLACE DE DAMLOUP",43.605855,1.452805,19,14.3605115907274,4.4572342126299
40,"00040 - COLOMBETTE - MAURY",43.604565,1.453659,16,11.6546762589928,4.04716227018385
41,"00041 - RIQUET - CAMICHEL",43.602708,1.454367,21,15.2741806554756,4.83133493205436
42,"00042 - ESCANDE - DAURIAC",43.601607,1.456158,20,14.4764188649081,3.88649080735412
43,"00043 - PLACE DUPUY",43.600188,1.454764,22,13.2877697841727,6.08473221422862
44,"00044 - PLACE SAINT - JACQUES",43.597825,1.451609,22,16.3349320543565,3.2845723421263
45,"00045 - OZENNE - NAZARETH",43.596314,1.447081,19,13.1750599520384,4.25579536370903
46,"00046 - PLACE DES CARMES",43.597364,1.445314,20,13.1942446043165,6.62270183852918
47,"00047 -  LANGUEDOC - NAZARETH",43.595247,1.445416,30,24.0471622701839,4.80415667466027
48,"00048 - PLACE DU SALIN",43.594461,1.443822,32,25.9152677857714,4.78257394084732
49,"00049 - PLACE DU PONT - NEUF",43.599598,1.440942,24,15.2549960031974,7.75219824140687
50,"00050 - HAURIOU - GARONNETTE",43.594359,1.44095,23,15.7817745803357,5.90407673860911
52,"00052 - DUPORTAL - RAYMOND V",43.608571,1.434762,21,13.2813749000799,7.63469224620304
53,"00053 - PLACE SAINT-JULIEN",43.608639,1.436965,25,17.7234212629896,4.85211830535572
54,"00054 - CHAINE - TIERCERETTES",43.608674,1.439461,17,12.5579536370903,4.05675459632294
55,"00055 - ST-SERNIN - GATIEN - ARNOULT",43.609022,1.441105,15,9.23421262989608,3.09272581934452
56,"00056 - SAINT-SERNIN - MERLY",43.609191,1.442749,15,10.5347721822542,3.43165467625899
57,"00057  ARCOLE - MERLY",43.6103,1.442975,15,10.0383693045564,4.56514788169464
58,"00058  ARCOLE  - CONCORDE",43.610663,1.443637,25,19.0511590727418,4.88329336530775
59,"00059 - CONCORDE - PRINTEMPS",43.613442,1.446395,18,11.101518784972,5.31574740207834
60,"00060 - PLACE ROQUELAINE",43.612615,1.448286,24,17.6027178257394,4.3101518784972
61,"00061 - MATABIAU GARE - BONREPOS",43.611052,1.452593,40,23.8041566746603,13.1646682653877
62,"00062 - JAURES - BONREPOS",43.609216,1.453549,24,17.8896882494005,4.86650679456435
63,"00063 - PISCINE LEO LAGRANGE",43.607468,1.454329,22,16.7234212629896,4.41886490807354
64,"00064 - PERI - MERCADIER",43.606208,1.455005,24,17.9840127897682,4.59392486011191
65,"00065 - VERDIER - GRAND ROND",43.596904,1.452596,27,20.8928856914468,5.31654676258993
66,"00066 - JARDIN ROYAL",43.596419,1.45104,23,15.9008792965627,5.1726618705036
67,"00067 - GUESDE - OZENNE",43.594812,1.449176,22,17.8041566746603,3.76099120703437
68,"00068  PALAIS DE JUSTICE - METRO",43.592782,1.444726,16,9.31974420463629,5.2414068745004
69,"00069 - FEUGA - PONT SAINT - MICHEL",43.592388,1.442463,18,12.5555555555556,4.57553956834532
70,"00070 - PLACE DU FER A CHEVAL",43.592366,1.434121,18,9.91526778577138,7.67066346922462
71,"00071 - FER A CHEVAL - COURS DILLON",43.593227,1.435062,22,15.2613908872902,5.49560351718625
72,"00072 - FITTE -  MAGNE",43.59522,1.432503,20,11.4828137490008,7.47162270183853
73,"00073 - FITTE - TEINTURIERS",43.596294,1.432158,16,7.18705035971223,8.4572342126299
74,"00074 - LAGANNE - TEINTURIERS",43.596667,1.436229,18,12.4300559552358,5.42685851318945
75,"00075 - CHATEAU D'EAU",43.59859,1.436594,21,13.7482014388489,6.61151079136691
76,"00076 - RECLUSANE - PLACE OLIVIER",43.598478,1.434043,16,8.30615507593925,6.84412470023981
77,"00077 - SAINT-CYPRIEN - METRO VIÉ",43.59778,1.431619,13,6.18225419664269,6.3796962430056
78,"00078 - ST - CYPRIEN - MÉTRO DARRÉ",43.598124,1.431382,17,8.19984012789768,7.05515587529976
79,"00079 - VIGUERIE -  LANGE",43.601016,1.434129,20,14.3101518784972,5.13749000799361
80,"00080 - FITTE - VARSI",43.599637,1.429338,22,12.0807354116707,9.63389288569145
81,"00081 - JARDIN RAYMOND VI",43.599797,1.429521,33,23.7058353317346,8.00159872102318
82,"00082 - SÉJOURNÉ - PT DES CATALANS",43.605804,1.428054,21,11.5083932853717,8.65387689848122
83,"00083 - SÉJOURNÉ - AMIDONNIERS",43.605687,1.428225,17,6.91926458832934,9.64508393285372
84,"00084 - BRIENNE - MANUFACTURE",43.605381,1.432485,24,15.2022382094325,7.71942446043165
85,"00085 - BARCELONE - LECLERC",43.606847,1.430615,22,16.2318145483613,5.31734612310152
86,"00086 - HÉRACLÈS - BÉARNAIS",43.608004,1.428585,20,8.95123900879297,8.81694644284572
87,"00087 - LASCROSSES - LECLERC",43.609277,1.432157,25,15.6027178257394,8.05915267785771
88,"00088 - LASCROSSES - DUPORTAL",43.61009,1.434974,25,15.1446842525979,8.53157474020783
89,"00089 - COMPANS - CAFFARELLI MÉTRO",43.611073,1.436704,22,12.8537170263789,8.19264588329337
90,"00090 - LASCROSSES - ARNAUD BERNARD",43.611271,1.438093,25,19.1814548361311,5.58113509192646
91,"00091 - ARCOLE - BALANCE",43.611556,1.439662,21,16.0807354116707,4.34212629896083
92,"00092 - CHALETS - DOUVILLÉ",43.613149,1.441326,15,9.21502797761791,5.57633892885691
93,"00093 - BD MATABIAU - INGRES",43.614574,1.443571,17,11.1878497202238,5.7585931254996
94,"00094 - LYON - SÉMARD",43.614083,1.451158,25,17.2270183852918,7.19504396482814
95,"00095 - THÉATRE GARONNE",43.602426,1.425347,22,10.792965627498,10.1622701838529
96,"00096 - MÉDIATHÈQUE JOSÉ CABANIS",43.609757,1.455212,25,18.2829736211031,5.16706634692246
97,"00097 - BONREPOS - RAYMOND IV",43.612475,1.451558,21,14.501998401279,6.19904076738609
98,"00098 - DEMOISELLES - CRAMPEL",43.58771,1.459838,21,9.18305355715428,9.4308553157474
99,"00099 - METZ - REMPART ST-ÉTIENNE",43.6008250248339,1.45065484986121,16,10.2230215827338,5.37010391686651
100,"00100 - PORT ST - SAUVEUR - SABATIER",43.596652,1.45564,20,13.6546762589928,5.61310951239009
102,"00102 -  MISTRAL - FLEURANCE",43.593567,1.453066,19,9.8449240607514,7.55635491606715
104,"00104 - AV. DE MURET TRAMWAY",43.589126,1.431449,18,8.80335731414868,9.03677058353317
105,"00105 - BILLIÈRE - CHAMPETRE",43.597539,1.428891,18,8.71063149480416,8.70263788968825
106,"00106 - BRIENNE - DELORME",43.608424,1.423848,21,10.7394084732214,8.84252597921663
107,"00107 - LASCROSSE - SÉBASTOPOL",43.60962,1.430401,27,18.4468425259792,7.19344524380496
108,"00108 - MARQUETTE - SÉBASTOPOL",43.612279,1.428827,20,11.4764188649081,7.73940847322142
109,"00109 - HOTEL DE DÉPARTEMENT",43.615275,1.434944,25,14.3557154276579,10.4796163069544
110,"00110 - SERRES - CABANEL",43.614227,1.437999,18,12.3501199040767,4.82334132693845
111,"00111 - BD DES MINIMES - PASSERELLE",43.615273,1.442937,27,17.5923261390887,8.71382893685052
112,"00112  BRANLY - PLACE RUSSELL",43.585409,1.453014,20,9.13509192645883,9.03357314148681
113,"00113 - DUMÉRIL - LAMARCK",43.592349,1.449015,20,14.9200639488409,4.84012789768185
114,"00114 - MONTPLAISIR - CANAL",43.592296,1.457765,20,13.4196642685851,5.36850519584333
115,"00115 - DEMOISELLES - MISTRAL",43.590692,1.453224,18,8.78657074340528,7.46282973621103
117,"00117 - BILLIERES - ROGUET",43.596889,1.426109,20,11.9368505195843,7.39168665067946
118,"00118 - PLACE DU BUSCA",43.588588,1.451003,16,7.50679456434852,7.58033573141487
119,"00119 - BRIENNE - CHAPOU",43.610005,1.419568,24,12.9504396482814,10.4364508393285
120,"00120 - BARCELONE - SANIERES",43.610343,1.420407,18,10.427657873701,6.50279776179057
121,"00121 - SERRES - ARNAUD BERNARD",43.612627,1.438268,17,10.5747402078337,6.11590727418066
122,"00122 - PASSERELLE HAEDENS",43.613504,1.430339,19,11.0519584332534,7.8617106314948
123,"00123 - HOTEL DE POLICE",43.61497,1.432909,23,11.8689048760991,8.66266986410871
124,"00124 - EGLISE DES MINIMES",43.618287,1.436857,18,9.25579536370903,7.16227018385292
125,"00125 - BARRIERE DE PARIS MÉTRO",43.627017,1.434129,25,15.9272581934452,7.10871302957634
126,"00126 - BONNEFOY - ARAGO",43.616939,1.454243,22,10.0503597122302,11.6890487609912
127,"00127 - DEMOISELLES - BÉGUÉ - DAVID",43.589802,1.455967,15,7.77777777777778,6.48041566746603
129,"00129 - CROIX DE PIERRE TRAMWAY",43.585732,1.427853,16,7.94724220623501,7.21103117505995
130,"00130 - BILLIERES - PATTE D'OIE",43.596716,1.424382,15,7.3796962430056,6.86810551558753
131,"00131 - ROUTE DE BLAGNAC - BERNIES",43.611584,1.414669,19,8.11270983213429,10.7362110311751
132,"00132 - MINIMES - BAQUÉ",43.622966,1.434449,19,9.57074340527578,7.63629096722622
133,"00133 - MINIMES C.NOUGARO MÉTRO",43.620693,1.435612,22,15.6682653876898,4.41566746602718
134,"00134 - EGLISE BONNEFOY",43.619031,1.456759,19,7.11510791366906,10.1127098321343
135,"00135 - BONNEFOY - LEMAITRE",43.622963,1.458647,18,9.77458033573141,7.11830535571543
136,"00136 - FONTAINES - MILHES",43.60202,1.414772,15,6.02478017585931,5.79856115107914
137,"00137 - BRUNHES - FONTAINES",43.600473,1.420165,15,7.53557154276579,7.27897681854516
138,"00138 - BARRIERE DE BAYONNE",43.597908,1.420144,20,10.0983213429257,7.77378097521982
139,"00139 - BARRIERE DE LOMBEZ",43.595503,1.418503,25,13.1830535571543,8.75779376498801
140,"00140 - PLACE EMILE MALE",43.591661,1.418768,29,18.8345323741007,9.24700239808153
141,"00141 - FONTAINE LESTANG METRO",43.587389,1.417918,18,10.9088729016787,6.75699440447642
142,"00142 - LYCEE DEODAT DE SEVERAC",43.588046,1.42436,20,13.8745003996803,6.08473221422862
143,"00143 - DESBALS - SAINTONGE",43.581384,1.413607,20,12.1798561151079,6.64428457234213
144,"00144 - SUISSE - LAUSANNE",43.615988,1.42163,22,10.8089528377298,9.93205435651479
145,"00145 - GOUNOD - GARROS",43.613881,1.424953,20,6.775379696243,10.986410871303
146,"00146 - SANG DE SERP - DAGNAUX",43.61567,1.428308,20,9.00319744204636,10.6099120703437
147,"00147 - CHAUSSAS - DAUDET",43.619704,1.429176,19,7.68265387689848,10.2637889688249
148,"00148 - COLLIGNON - RAISIN",43.617712,1.445142,19,9.88409272581934,7.18225419664269
149,"00149 -BD DES MINIMES - RAISIN",43.61539,1.448573,22,12.2885691446843,7.86091127098321
150,"00150 - CURIE - CAMPISTRON",43.62563,1.439513,18,10.2430055955236,5.28057553956835
151,"00151 - CURIE - NEGRENEYS",43.624514,1.443326,24,14.5475619504396,9.24220623501199
152,"00152 - THÉATRE DES MAZADES",43.624114,1.438463,20,10.6682653876898,7.017585931255
153,"00153 - PLACE ANTONIN FROIDURE",43.628672,1.448469,18,8.53157474020783,9.27018385291767
154,"00154 - HOTEL DE REGION",43.589928,1.441706,19,10.0127897681855,7.7673860911271
155,"00155 - RÉCOLLETS - FERETRA",43.583787,1.443299,20,7.69144684252598,10.5435651478817
156,"00156 - EMPALOT - MÉTRO",43.579666,1.44184,18,9.52997601918465,6.50759392486011
157,"00157 - URSS - PEYROUSET",43.58295,1.448578,19,8.85691446842526,9.13429256594724
158,"00158 - URSS - MARAN",43.580915,1.449198,20,11.85931254996,6.31574740207834
159,"00159 - SAINT - AGNE GARE",43.578572,1.450234,20,14.8737010391687,4.41007194244604
160,"00160 - THEATRE JULES JULIEN",43.57337,1.452405,17,8.16466826538769,7.72901678657074
161,"00161 - AV . DE RANGUEIL  - BEDOUCE",43.576773,1.454742,15,7.62350119904077,7.2326139088729
162,"00162 - PLACE D'ITALIE",43.580296,1.45486,17,9.0775379696243,6.47961630695444
163,"00163 - BEDOUCE - MARNE",43.581506,1.462341,20,10.7434052757794,8.07274180655476
164,"00164 - SAOUZELONG - MÉTRO",43.579846,1.460126,20,12.6298960831335,7.14228617106315
165,"00165 -  AVIONS - LIBELLULES",43.57688,1.460189,15,7.16227018385292,6.75459632294165
166,"00166 - RANGUEIL - MÉTRO",43.57421,1.462367,20,11.3749000799361,6.64908073541167
167,"00167 - LAPUJADE - FLANDRES",43.624202,1.454685,18,7.36370903277378,9.77937649880096
168,"00168 - PLACE BILA",43.626597,1.458835,20,13.255795363709,6.45403677058353
169,"00169 - ALBI - AVRANCHES",43.632532,1.463081,17,7.20463629096723,8.26139088729017
170,"00170 - ALBI - NICOL",43.635586,1.464289,17,11.7977617905675,5.00639488409273
171,"00171 - ALBI - PELET",43.641034,1.466458,17,7.02078337330136,9.94964028776978
172,"00172 - NETWILLER - EBELOT",43.642859,1.461124,20,14.5283772981615,5.28617106314948
173,"00173 - BOURGES - MAUNOURY - SÉGLA",43.633171,1.450638,19,7.88649080735412,10.0023980815348
174,"00174 - BOURGES - MAUNOURY - MÉLAT",43.63694,1.452615,19,13.2677857713829,5.47482014388489
175,"00175 - BORDEROUGE - MÉTRO",43.639633,1.452569,30,22.3541167066347,6.21822541966427
176,"00176 - CIMETIERE COMPANS",43.606701,1.458143,18,14.7170263788969,3.23661071143086
177,"00177 - BRUNAUD - BAILLAUD",43.617458,1.465428,20,15.2685851318945,3.97521982414069
178,"00178 - BRUNAUD - PLANA",43.619291,1.468681,20,15.6099120703437,4.30695443645084
179,"00179 - PLANA - CASSAING",43.616938,1.473616,17,9.57074340527578,6.25259792166267
180,"00180 - PLACE DE SOUPETARD",43.612162,1.477347,18,10.1726618705036,6.8792965627498
181,"00181 - PLANA - GARNIER",43.609275,1.479898,17,9.61550759392486,7.27018385291767
182,"00182 - CHAUBET - PLANA",43.60592,1.481742,20,11.4476418864908,7.97921662669864
183,"00183 - RUE DE CUGNAUX - GRAVETTE",43.593147,1.424313,18,10.5131894484412,6.93205435651479
184,"00184 - MICHOUN - HYERES",43.62724,1.469293,20,12.1007194244604,6.72901678657074
185,"00185 - ROUBICHOU - ARLES",43.627108,1.465538,15,7.15187849720224,7.20303756994404
186,"00186 - DESBALS - BOUALAM",43.579171,1.410939,18,8.49800159872102,6.30375699440448
187,"00187 - DESBALS - FIEUX",43.58456,1.415683,17,8.47322142286171,8.37809752198241
188,"00188 - AV. DE MURET - LAFAGE",43.584339,1.427597,20,13.4068745003997,5.54036770583533
189,"00189 - AV. DE MURET - BOUTINON",43.581793,1.425738,19,12.9616306954436,4.82174260591527
190,"00190 - ESPAGNE - OUSTALOUS",43.577437,1.423953,20,11.0159872102318,6.74500399680256
191,"00191 - JARDIN DU PECH",43.590046,1.415246,18,7.84012789768185,10.1358912869704
192,"00192 - RE DE ST - SIMON - PRADO",43.587845,1.409785,20,9.82094324540368,10.0743405275779
193,"00193 - LOMBEZ - PETITE VITESSE",43.59487,1.415088,20,13.1638689048761,5.5603517186251
194,"00194 - LOMBEZ - HIPPODROME",43.593979,1.410311,20,15.652278177458,3.98001598721023
195,"00195 - RIEUX - CHANT DU MERLE",43.597355,1.459063,18,11.8601119104716,5.12390087929656
196,"00196 - PUJOL - GOUJON",43.601719,1.458019,20,16.0631494804157,2.72342126298961
197,"00197 - PUJOL - PÉRIGNON",43.600361,1.464039,20,14.2414068745004,3.96163069544364
198,"00198 - DELTOUR - LAFILAIRE",43.596193,1.473375,20,12.2869704236611,5.42046362909672
199,"00199 - DELTOUR - RIEUX",43.591484,1.470014,22,15.5315747402078,4.32853717026379
201,"00201 - SAINT-EXUPERY - POTEZ",43.579763,1.480838,18,9.68505195843325,7.17745803357314
202,"00202 - SAINT-EXUPERY - BUTTE",43.581632,1.475865,17,12.1334932054357,4.36450839328537
203,"00203 - ST-EXUPERY - PETIT PRINCE",43.58355,1.470033,20,11.2749800159872,8.59632294164668
204,"00204 - PLACE ROGER ARNAUD",43.586859,1.463178,18,7.76978417266187,9.41886490807354
205,"00205 - RIEUX - COTTAGES",43.585924,1.475057,18,11.7498001598721,6.08153477218225
206,"00206 - RIEUX - LEYGUE",43.594117,1.465197,18,10.9312549960032,6.29256594724221
207,"00207 - MAL CLABEL - AUDE",43.583202,1.481757,17,13.2853717026379,3.70423661071143
209,"00209 - BAROUX - DARASSE",43.589557,1.4789,18,9.41486810551559,7.18385291766587
210,"00210 - TERRASSE - MONT VENTOUX",43.586086,1.482942,18,12.5499600319744,4.38529176658673
211,"00211 - LA TERRASSE - LEDORMEUR",43.583511,1.487795,18,10.2150279776179,7.74660271782574
212,"00212 - CHIRAC - CHAUMIERE",43.6152,1.465444,17,0,0
213,"00213 - PUJOL - CHAUBET",43.600704,1.467249,17,10.5419664268585,5.75299760191846
214,"00214 - CASTRES - ACHIARY",43.600828,1.473579,17,11.0071942446043,5.90247801758593
215,"00215 - ARGOULETS MÉTRO",43.623823,1.475935,20,14.5219824140687,5.07114308553157
216,"00216 - ARGOULETS - HOUDON",43.622823,1.474083,17,11.8169464428457,5.16466826538769
217,"00217 - AMOUROUX - ST-TROPEZ",43.629655,1.466259,18,9.3876898481215,8.34292565947242
218,"00218 - AMOUROUX - STE - AUGUSTINE",43.627643,1.461861,18,10.5163868904876,7.3876898481215
219,"00219 - RTE DE BLAGNAC - PUCCINI",43.614514,1.411161,18,8.79136690647482,8.72821742605915
220,"00220 -  MIRAIL UNIVERSITÉ MÉTRO",43.574466,1.402211,19,9.32294164668265,9.11270983213429
221,"00221 - AV. DE REYNERIE - VAUQUELIN",43.576221,1.406355,20,9.45403677058353,10.0607513988809
222,"00222 - ROCHE - LAAS",43.563894,1.474416,19,11.6570743405276,6.10631494804157
223,"00223 - BELIN - ROCHE",43.565079,1.478297,22,15.572342126299,6.09032773780975
224,"00224 - BELIN - SUPAERO",43.56644,1.475301,20,14.6306954436451,5.36290967226219
225,"00225 - BELIN - ONERA",43.570117,1.473463,20,12.0591526778577,7.10631494804157
226,"00226 - CASSELARDIT - FONTAINES",43.604159,1.407267,17,12.0151878497202,4.73621103117506
227,"00227 - UNIV. PAUL SABATIER MÉTRO",43.561074,1.462928,32,25.8609112709832,3.63709032773781
228,"00228 - FAC. DE PHARMACIE MÉTRO",43.568165,1.464353,18,12.1334932054357,3.9568345323741
229,"00229 - AV. DE RANGUEIL - PELUDE",43.57141,1.462732,18,12.7202238209432,3.67146282973621
230,"0230 - UT3 - CHAMPS MAGNETIQUES",43.567307,1.467715,20,13.7410071942446,4.74420463629097
231,"00231 - NARBONNE - DURAND",43.557264,1.46541,20,11.5099920063949,6.33413269384492
232,"00232 - NARBONNE - CAUBERE",43.569089,1.456292,15,7.08792965627498,6.38209432454037
233,"00233 - NARBONNE - SAHUQUE",43.566528,1.458648,20,11.550759392486,5.5003996802558
234,"00234 - RAYNAL - LOUIN",43.628145,1.451413,15,6.74260591526779,7.58433253397282
235,"00235 - LA VACHE MÉTRO",43.633454,1.435519,19,12.2318145483613,5.66826538768985
236,"00236 - TOEC - LEMIRE",43.597322,1.403694,20,13.255795363709,5.07993605115907
237,"00237 - BELIN - CNES",43.562273,1.480912,20,12.9224620303757,5.96882494004796
238,"00238 - HERBETTES - BUTTE",43.579341,1.47313,17,10.5099920063949,5.06394884092726
239,"00239 - LESPINET - HERBETTES",43.576637,1.470245,25,14.1534772182254,8.70263788968825
240,"00240 - PLACE JOB",43.616945,1.408383,18,6.97521982414069,10.6402877697842
241,"00241 - ESPAGNE - CHARPENTIER",43.575101,1.424227,20,14.3461231015188,3.77857713828937
242,"0242 - RIMBAUD - COLETTE / PADER - FRONTON",43.63639,1.433072,16,7.2757793764988,6.58912869704237
243,"00243 - ÉTATS-UNIS - FERRY",43.632734,1.431732,17,11.1558752997602,5.76338928856914
244,"00244 - RENAN - VITRY",43.635856,1.443828,18,8.56115107913669,8.20863309352518
245,"00245 - GRANDE-BRETAGNE - BADIOU",43.599732,1.415372,19,10.9440447641886,7.81294964028777
246,"00246 - WAGNER - BRUNHES",43.603842,1.420002,20,8.13589128697042,10.2669864108713
247,"00247 - RTE DE LAUNAGUET - AUDIBERT",43.636446,1.438984,17,9.27498001598721,6.3621103117506
248,"00248 - ROSTAND - BOUQUETINS",43.641013,1.448524,20,15.9920063948841,3.98721023181455
249,"00249 - ALBI - LUCHET",43.637842,1.464879,18,11.3037569944045,6.12869704236611
250,"00250 - 11 NOVEMBRE - NÉGOGOUSSES",43.593052,1.414659,18,9.12310151878497,7.52677857713829
251,"00251 - JOLIMONT MÉTRO",43.61432,1.461721,14,8.95363709032774,3.81135091926459
252,"0252 - CATELLAN - CAZENEUVE",43.626914,1.444986,18,10.2414068745004,6.78337330135891
253,"00253 - ÉTATS-UNIS - CHARLAS",43.630519,1.43234,20,11.2038369304556,8.7242206235012
254,"00254 - VESTREPAIN - LOT",43.583264,1.407055,18,7.94484412470024,6.29416466826539
255,"00255 - SELLIER - MOUETTES",43.576893,1.440049,16,7.6466826538769,8.21502797761791
256,"00256 - CITÉ DE L'HERS - ROTONDE",43.59643,1.48398,18,9.95923261390887,7.62270183852918
257,"00257 - CHÂT DE L'HERS - FONTANELLES",43.600712,1.48356,16,7.9392486011191,7.82254196642686
258,"00258 - ATLANTA - CAMBARD",43.629395,1.476186,18,12.3501199040767,5.1462829736211
259,"00259 - PLACE PAUL RICHÉ",43.647504,1.43286,20,11.5771382893685,8.36450839328537
260,"00260 - FRONTON - DUCLOS",43.644963,1.433998,18,8.34932054356515,9.11270983213429
261,"00261 - VAN DYCK - RAPHAËL",43.640631,1.440154,18,7.97362110311751,7.72102318145484
262,"00262 - ARTHAUD - NETWILLER",43.643358,1.455501,18,14.6818545163869,3.19584332533973
263,"00263 - LA CEPIÈRE - BAYLET",43.584444,1.398745,18,11.6962430055955,5.79136690647482
264,"00264 - PLACE DES GLIÈRES",43.565027,1.410324,18,14.4932054356515,3.33892885691447
265,"00265 - RTE DE SEYSSES - LONDRES",43.568038,1.413363,18,7.26458832933653,9.34692246203038
266,"00266 - TOURAINE - AUVERGNE",43.573708,1.41394,20,9.62669864108713,8.5427657873701
267,"00267 - GONIN - GÉNIN",43.573895,1.483924,16,10.1574740207834,4.47082334132694
268,"00268 - PLACE JOSEPH BAYLAC",43.608597,1.397192,22,12.8521183053557,6.03037569944045
269,"00269 - PLACE JACQUES SAUVEGRAIN",43.589921,1.377827,18,11.7026378896882,5.4740207833733
270,"00270 - TRENTIN - VERNE",43.623998,1.427823,16,4.35731414868106,9.59312549960032
271,"00271 - ANCELY TRAMWAY",43.619301,1.396986,20,10.2509992006395,9.06634692246203
272,"00272 - ATLANTA - VASSEUR",43.635421,1.472855,17,7.48521183053557,9.41486810551559
273,"00273 - PASSERIEU - RTE DE ST-SIMON",43.579135,1.392596,18,10.9192645883293,6.86330935251799
274,"00274 - GALLIENI GARE",43.573998,1.419495,18,10.9576338928857,6.2238209432454
275,"00275 - PLACE DES PRADETTES",43.58144,1.388774,17,10.0919264588329,6.76179056754596
276,"00276 - MARIN - REBOUL",43.581463,1.379769,18,5.74740207833733,12.1942446043165
277,"00277 - ZAMENHOF",43.585431,1.377279,18,5.98721023181455,10.8888888888889
278,"00278 - ARÈNES ROMAINES TRAMWAY",43.614159,1.397008,18,11.8025579536371,5.24540367705835
279,"00279 - CASSELARDIT - ESPAGNO",43.613555,1.401417,18,6.86490807354117,9.21822541966427
280,"00280 - CHARBONNIÈRE - PALMIERS",43.573732,1.448768,18,8.72262190247802,8.4652278177458
281,"00281 - JARDIN NIEL",43.578687,1.446733,18,10.8313349320544,5.13429256594724
282,"00282 -  WAGNER - VIVALDI",43.606115,1.414755,18,1.59552358113509,14.6203037569944
283,"00283 - TROIS COCUS MÉTRO",43.638055,1.444344,20,14.0031974420464,5.75539568345324
284,"00284 - ATLANTA - AGDE",43.627013,1.477098,15,10.4660271782574,4.3189448441247
285,"00285 - BALMA GRAMONT MÉTRO",43.628659,1.482629,18,7.90727418065548,8.71622701838529
286,"00286 - FONTAINES - BRUN",43.600241,1.42564,13,7.72102318145484,5.22302158273381
287,"00287 - STADE TOULOUSAIN",43.620607,1.415125,30,19.0047961630695,10.9832134292566
288,"000288 - METZ - MARCHANDS",43.600021,1.44293,36,24.5259792166267,9.27018385291767
289,"00289 - BIARRITZ - CASSELARDIT",43.607189,1.409324,13,6.88329336530775,5.96722621902478
290,"00290 - AMIDONNIERS - DEBAT-PONSAN",43.606453,1.420798,13,5.01838529176659,7.24220623501199
291,"00291 - ÎLE DU RAMIER TRAMWAY",43.592077,1.439829,13,6.93045563549161,4.95043964828137
293,"00293 - TASSIGNY - MOMBIOLA",43.578537,1.438375,13,7.03037569944045,5.17426059152678
294,"00294 - ILE DU RAMIER - PASSERELLE CONTI",43.580259,1.434156,13,5.54516386890488,6.02398081534772
295,"00295 - PLACE GUY HERSANT",43.577461,1.442964,13,7.52038369304556,4.45563549160671
296,"00296 - ESPAGNE-LANGLADE",43.571858,1.42447,13,6.6986410871303,5.31814548361311
297,"00297 - AV. DE MURET - DUBOUL",43.57933,1.423325,13,7.00319744204636,5.77458033573141
298,"00298 - ROUTE DE SEYSSES - C. DE VICOSE",43.57179,1.418239,13,6.5347721822542,6.24300559552358
299,"00299 - VOSGES - BEAUCE",43.581868,1.419446,13,6.47002398081535,5.8537170263789
300,"00300 - VESTREPAIN - BAGATELLE",43.584492,1.411057,13,4.64508393285372,6.86730615507594
301,"00301 - LARDENNE - BROMBACH",43.592951,1.40379,13,6.06554756195044,5.09592326139089
302,"00302 - JARDIN DU BARRY",43.601379,1.403879,13,7.55875299760192,3.68585131894484
304,"00304 - CARTOUCHERIE TRAMWAY",43.602797,1.408133,13,7.46682653876899,5.11111111111111
305,"00305 - ZENITH TRAMWAY",43.601356,1.411617,13,7.39168665067946,4.47801758593125
306,"00306 - DEODAT - ARCS SAINT CYPRIEN",43.590111,1.423003,13,5.54356514788169,6.85131894484412
307,"00307 - SUISSE - POLITKOVSKAIA",43.61324,1.419932,13,5.0607513988809,6.8193445243805
308,"00308 - SEPT DENIERS - TROÈNES",43.620967,1.412027,13,7.41566746602718,4.7418065547562
309,"00309 - ROUTE DE BLAGNAC - ROQUES",43.622042,1.405735,13,3.90407673860911,8.61151079136691
310,"00310 - DALI-BONIN",43.626244,1.411083,13,6.17905675459632,5.6986410871303
311,"00311 - ETATS-UNIS - GLACIÈRE",43.646471,1.426013,13,2.95603517186251,8.24620303756994
312,"00312 - BASE DE LOISIRS SESQUIERES",43.651836,1.419854,13,1.01918465227818,11.9712230215827
313,"00313 - RUE DE FENOUILLET - VERNE",43.628271,1.425653,13,4.45643485211831,8.50119904076739
314,"00314 - EGLISE DE LALANDE",43.646547,1.431152,13,5.88649080735412,7.1119104716227
315,"000315 - FRONTON - LAPIN",43.651176,1.432557,13,6.24300559552358,6.65387689848122
316,"00316 - FRONTON - HAON",43.656202,1.432254,13,3.75059952038369,8.47002398081535
317,"00317 - GAUSSEN - CROIX-BÉNITE",43.662024,1.434622,13,3.05275779376499,9.19424460431655
319,"00319 - ROUTE DE LAUNAGUET - DELBO",43.651318,1.438377,13,4.89608313349321,6.98641087130296
320,"00320 PARC DE LA VIOLETTE",43.654363,1.438131,13,5.42605915267786,6.54836131095124
321,"00321 - NÉGRENEYS - ANGES",43.620308,1.440963,13,7.15347721822542,5.43485211830536
323,"00323 - RAYNAL - ALLIER",43.631641,1.454852,13,4.20943245403677,6.47561950439648
324,"00324 - ROSTAND - DURAND",43.642299,1.4496236,13,7.42525979216627,3.55955235811351
325,"000325 - PLACE ROGER LOUPIAC",43.648121,1.450024,13,4.57234212629896,7.34612310151878
326,"00326 - EBELOT - PUJIBET",43.638044,1.457716,13,8.13669064748201,4.46362909672262
327,"00327 - ROSTAND - EIDENBENZ",43.644197,1.463566,13,5.37729816147082,7.224620303757
328,"00328 - NICOL - VASSEUR",43.633437,1.469891,13,5.00639488409273,7.16227018385292
329,"00329 - ATLANTA - CAUNES",43.64046,1.469314,13,6.1207034372502,6.7498001598721
330,"00330 - LAPUJADE - BARTOLI",43.622099,1.453553,13,5.27817745803357,7.15987210231815
331,"00331 - LAVAUR - DALOU",43.622578,1.462668,13,8.92645883293365,3.63149480415667
332,"00332 - PLACE ROSINE BET",43.623677,1.467356,13,8.65707434052758,2.19984012789768
333,"00333 - CHEMIN DE TOURNEFEUILLE - LESBRE",43.597281,1.369665,13,4.11910471622702,8.74340527577938
334,"00334  - GLOIRE - SAINT BERNARD",43.605557,1.458483,13,7.9056754596323,4.39888089528377
335,"00335 - COLONNE - REILLE",43.609218,1.459543,13,6.81534772182254,3.06554756195044
336,"00336 - COLONNE - SALONIQUE",43.610556,1.464953,13,8.85451638689049,3.60511590727418
337,"00337 -CHIRAC - HEREDIA",43.612555,1.467544,13,7.31574740207834,4.51159072741807
339,"00339 -  GLOIRE - SAVIGNAC",43.605899,1.463601,13,7.85691446842526,4.81774580335731
341,"00341 - SOUPETARD - GENÊTS",43.610183,1.472401,13,8.91606714628297,3.69704236610711
342,"00342 - GLOIRE - CHIRAC",43.606975,1.473375,13,5.70263788968825,6.70343725019984
343,"00343 CHAUBET - CHIRAC",43.604681,1.474453,13,8.22621902478018,4.37170263788969
344,"00344 - RIEUX - VAISSE",43.596256,1.462071,13,5.82813749000799,3.43405275779376
345,"00345 - CASTRES - LASBORDES",43.594671,1.488444,13,6.52997601918465,6.36610711430855
346,"00346 - CITE DE L'ESPACE",43.586894,1.492386,13,7.09752198241407,5.67386091127098
347,"00347 - REVEL - ARMENTIÈRES",43.573815,1.491081,13,6.89928057553957,5.33413269384492
348,"00348 - REVEL - LABEGE",43.570862,1.49832,13,3.60591526778577,6.4740207833733
349,"00349 - REVEL - NOUADHIBOU",43.567084,1.506071,13,4.65227817745803,8.28936850519584
350,"00350 - PISTE DES GÉANTS - TERECHKOVA",43.576029,1.473627,13,3.55715427657874,5.29256594724221
351,"00351 - L'ENVOL DES PIONNIERS",43.574602,1.476596,13,3.93844924060751,7.00959232613909
352,"00352 - MONTAUDRAN GARE",43.573248,1.48022,13,4.29896083133493,6.96882494004796
353,"00353 - RODIER - PRANVILLE-NÉGRIN",43.569898,1.485423,13,4.84892086330935,6.36930455635492
354,"00354 - DAURAT - CORNEMONT",43.56481,1.488996,13,6.76179056754596,5.45323741007194
357,"00357 - BELIN - TARFAYA",43.562329,1.48431,13,5.34772182254197,7.60271782573941
358,"00358 - SALADE PONSAN - COTEAUX",43.567744,1.451907,13,6.14148681055156,5.90407673860911
359,"00359 - SALADE PONSAN - SAHUQUE",43.563636,1.45531,13,7.92805755395683,4.22621902478018
360,"00360 - SALADE PONSAN - VALLON",43.560168,1.457394,13,9.38049560351719,3.43804956035172
361,"00361 - POUVOURVILLE - BOURDETTE",43.5552,1.457169,13,5.41966426858513,6.5947242206235
362,"00362 - POUVOURVILLE - GOSCINNY",43.550243,1.457515,13,7.61710631494804,4.9744204636291
364,"00364 - ESPAGNE - GIRONIS",43.563741,1.425433,13,8.66826538768985,3.6554756195044
366,"00366 - ONCOPOLE TÉLÉO",43.554843,1.428013,13,4.90407673860911,7.03597122302158
367,"00367 - PARC DE GIRONIS",43.564067,1.413739,13,5.11830535571543,6.53956834532374
368,"00368 - ROUTE DE SEYSSES - BELLEFONTAINE",43.562792,1.406829,13,7.5171862509992,5.36051159072742
369,"00369 - ROUTE DE SEYSSES - RÉGIS",43.548387,1.390449,13,4.79456434852118,7.74900079936051
370,"00370 - PLACE DES TIBAOUS",43.550424,1.386158,13,2.94324540367706,6.86730615507594
371,"00371 - REYNERIE - LONDRES",43.569148,1.408256,13,5.25259792166267,6.09752198241407
372,"00372 - REYNERIE MÉTRO",43.571497,1.402857,13,3.61710631494804,7.37250199840128
373,"00373 - REYNERIE - LIZOP",43.566932,1.400526,13,3.99840127897682,6.65627498001599
374,"00374 - BELLEFONTAINE MÉTRO",43.56502,1.398906,13,5.70823341326938,7.17426059152678
375,"00375 - LESTAND - PERGAUD",43.564715,1.395886,13,6.40447641886491,6.48441247002398
376,"00376 - EISENHOWER - LESTANG",43.5599624,1.3944267,13,4.91207034372502,7.80895283772982
377,"00377 - MONLONG - LOUP",43.554796,1.387295,13,2.74820143884892,9.73541167066347
378,"00378 - BASSO CAMBO METRO",43.569972,1.391809,13,8.5003996802558,3.40287769784173
379,"00379 - MAFFRE - BASSO CAMBO",43.561453,1.384967,13,5.76578737010392,7.189448441247
381,"00381 - LIFFARD - REGUELONGUE",43.55978,1.37828,13,3.46762589928058,9.43485211830536
382,"00382 - LIFFARD - SAINT SIMON",43.564413,1.375571,13,2.76179056754596,9.41646682653877
383,"00383 - PARC DE LA MOUNEDE",43.572131,1.38317,13,6.52517985611511,5.22142286171063
384,"00384 GUILHERMY - LAS BRUGUES",43.567628,1.371151,13,3.23741007194245,9.45243804956035
385,"00385 - VITARELLES - FRONDE",43.587323,1.39462,13,7.83133493205436,4.93605115907274
386,"00386 - BORDEBLANCHE - BROUSSIN",43.582717,1.386115,13,5.28936850519584,7.54676258992806
387,"00387 - CORIOLIS - DUPOUY",43.578809,1.379975,13,5.25339728217426,7.33253397282174
388,"00388 - LARDENNE - CALQUET",43.5937364,1.3911254,13,7.17346123101519,5.32374100719424
389,"00389 - EGLISE - LARDENNE",43.591193,1.384961,13,10.6978417266187,2.05035971223022
390,"00390 - CAPELLES - ECOLE VETERINAIRE",43.601523,1.384712,13,8.56754596322942,3.80975219824141
391,"00391 - LARDENNE GARE",43.597343,1.383108,13,6.39248601119105,6.32613908872902
394,"00394 - BAYONNE - FLAMBERE",43.608267,1.389792,13,7.04876099120703,3.69944044764189
395,"00395 - BAYONNE - SENTENAC",43.608999,1.379956,13,9.23820943245404,3.3021582733813
396,"00396 - FOURNIER - JARDINERIE",43.606486,1.36915,13,8.94324540367706,3.53157474020783
397,"00397 - NÉGO SAOUMOS - ZIEGLER",43.605637,1.364053,13,10.0647482014388,2.81454836131095
398,"00398 - MARTRE - CAULET",43.606204,1.355664,13,7.12150279776179,5.32214228617106
399,"00399 - CHEMIN DE TOURNEFEUILLE - BOURIETTE",43.605078,1.376499,13,5.32853717026379,7.33493205435652
400,"00400 - SAINT-MARTIN-DU-TOUCH GARE",43.600614,1.372218,13,7.14708233413269,5.5515587529976
1031,"1031 - BORNE CGB ATELIER",43.6159088,1.0001755,42,36.951239008793,4.4308553157474
1032,"1032 -  BORNE CGB ATELIER 2",43.6159088,1.0001755,21,9.25419664268585,9.87769784172662
